{
  "generation": 416,
  "fitness": 5.86,
  "params": {
    "saintVPWeight": 3.8627680568928593,
    "saintRelicWeight": 1.8065097703750956,
    "saintLowHPBonus": 0,
    "toolBuyMaxCount": 5.582394567751474,
    "toolPowerWeight": 2.251143932618758,
    "toolCostWeight": 0.41701302795946166,
    "manaShopThreshold": 5.667735204068741,
    "manaReserveForCombat": 0.3595015367628007,
    "witchRoundThreshold": 1.0466295924196871,
    "witchMinTools": 0.20897726094510194,
    "familiarVPThreshold": 0,
    "combatPriority": 5.177630965619308,
    "purchasePriority": 12.674207265031779,
    "manaPriority": 9.306008777181376,
    "saintRelicPoolBonus": 0.24193818447313853,
    "saintZeroVPWeight": 0,
    "combatBeforePurchase": 1,
    "purchaseBeforeShop": 0.49135631301946037,
    "witchMagicModeWeight": 0.0728129110972256,
    "relicAggressiveness": 0.3697674401725154,
    "untapRelicCombatThreshold": 2.0880752692756923,
    "achievementRelicWeight": 0.751650747374146,
    "achievementToolWeight": 1.8279173925780676,
    "familiarForPurchase": 0.6158197678777191
  },
  "savedAt": "2026-03-14T17:08:27.524Z"
}