{
  "generation": 217,
  "fitness": 6.17,
  "params": {
    "saintVPWeight": 5,
    "saintRelicWeight": 3.496367202806906,
    "saintLowHPBonus": 0.011968694820210679,
    "toolBuyMaxCount": 5.084448866757004,
    "toolPowerWeight": 2.7173358413100477,
    "toolCostWeight": 0,
    "manaShopThreshold": 2.8435040521208244,
    "manaReserveForCombat": 1.632765708302598,
    "witchRoundThreshold": 1,
    "witchMinTools": 0.061399482976259745,
    "familiarVPThreshold": 0,
    "combatPriority": 3.2712553754871507,
    "purchasePriority": 9.917446427404672,
    "manaPriority": 4.2316010302282905,
    "saintRelicPoolBonus": 0.6933661110795577,
    "saintZeroVPWeight": 4.06178353297147,
    "combatBeforePurchase": 0.8039732646871636,
    "purchaseBeforeShop": 0.39107476642988737,
    "witchMagicModeWeight": 0.10195387959327395,
    "relicAggressiveness": 0.34822614867819374,
    "untapRelicCombatThreshold": 0.8425469196816695,
    "achievementRelicWeight": 0.21858475380264306,
    "achievementToolWeight": 1.0086813274890618,
    "familiarForPurchase": 1
  },
  "savedAt": "2026-03-12T20:56:27.325Z"
}