{
  "generation": 469,
  "fitness": 6.15,
  "params": {
    "saintVPWeight": 4.64446492462552,
    "saintRelicWeight": 0.9749090776701197,
    "saintLowHPBonus": 0.004592283806663389,
    "toolBuyMaxCount": 5.040546328681502,
    "toolPowerWeight": 2.5913525272297364,
    "toolCostWeight": 1.2885713683670958,
    "manaShopThreshold": 6,
    "witchRoundThreshold": 1.3386306830021717,
    "witchMinTools": 0.30125769187027274,
    "familiarVPThreshold": 0,
    "combatPriority": 20,
    "purchasePriority": 15,
    "manaPriority": 9.836192988632188,
    "saintRelicPoolBonus": 1.0083014646918562,
    "saintZeroVPWeight": 1.4751777614057495,
    "combatBeforePurchase": 0.8418381625117622,
    "purchaseBeforeShop": 0.017624016730748038,
    "witchMagicModeWeight": 0.20622229040001772,
    "relicAggressiveness": 0.8317781640016916,
    "untapRelicCombatThreshold": 2.3612981340755206,
    "achievementRelicWeight": 2.1489147307523777,
    "achievementToolWeight": 3,
    "violenceMinVP": 0,
    "violenceMinMana": 5,
    "prayerEarlyRound": 0.4093022971346423,
    "sacrificeMinRelics": 2.5487766397297804,
    "familiarForPurchase": 0.9891243401060167
  },
  "savedAt": "2026-03-14T18:57:21.090Z"
}