{
  "generation": 25,
  "fitness": 4.76,
  "params": {
    "saintVPWeight": 2.8110794986438044,
    "saintRelicWeight": 2.621079209286502,
    "saintLowHPBonus": 0.07448304694487928,
    "toolBuyMaxCount": 4,
    "toolPowerWeight": 0.8208123613128911,
    "toolCostWeight": 0.49524084054676754,
    "manaShopThreshold": 3.5842109265792033,
    "manaReserveForCombat": 2.2048980218079386,
    "witchRoundThreshold": 2.9011454651974966,
    "witchMinTools": 2,
    "familiarVPThreshold": 2.8931596446150345,
    "combatPriority": 10,
    "purchasePriority": 9.410795605992556,
    "manaPriority": 3,
    "saintRelicPoolBonus": 0.4832883680195165,
    "saintZeroVPWeight": 2.652636849848853,
    "combatBeforePurchase": 0.7,
    "purchaseBeforeShop": 0.6,
    "witchMagicModeWeight": 0.43668815648698295,
    "relicAggressiveness": 0.5,
    "untapRelicCombatThreshold": 3.4908836600522526,
    "achievementRelicWeight": 2.3548762480631713,
    "achievementToolWeight": 0.8692579455022813,
    "familiarForPurchase": 0.3138983209929251
  },
  "savedAt": "2026-03-12T19:11:23.315Z"
}