{
  "generation": 330,
  "fitness": 5.97,
  "params": {
    "saintVPWeight": 4.488862383051847,
    "saintRelicWeight": 0.3854084690488801,
    "saintLowHPBonus": 0.18259770815764353,
    "toolBuyMaxCount": 5.19533485699386,
    "toolPowerWeight": 1.5090876638848032,
    "toolCostWeight": 0.2495773528255737,
    "manaShopThreshold": 4.08968942615253,
    "manaReserveForCombat": 0,
    "witchRoundThreshold": 1,
    "witchMinTools": 0.029011805430228854,
    "familiarVPThreshold": 0,
    "combatPriority": 14.748510406610528,
    "purchasePriority": 14.729426402405696,
    "manaPriority": 7.622358785670917,
    "saintRelicPoolBonus": 2.2880725711718375,
    "saintZeroVPWeight": 0.44865221090080265,
    "combatBeforePurchase": 0.5989522977311141,
    "purchaseBeforeShop": 0,
    "witchMagicModeWeight": 0.15960992351553394,
    "relicAggressiveness": 0.46659336544873464,
    "untapRelicCombatThreshold": 4.161975046495204,
    "achievementRelicWeight": 2.626157632379471,
    "achievementToolWeight": 1.760440698795258,
    "familiarForPurchase": 0.5053431937555876
  },
  "savedAt": "2026-03-13T21:28:31.023Z"
}