{
  "generation": 336,
  "fitness": 5.96,
  "params": {
    "saintVPWeight": 3.242266273240494,
    "saintRelicWeight": 0.0928188484499306,
    "saintLowHPBonus": 0.2274267058424479,
    "toolBuyMaxCount": 3.5893509623526696,
    "toolPowerWeight": 1.0817123207529293,
    "toolCostWeight": 1.159496980801014,
    "manaShopThreshold": 1.4934908285773683,
    "witchRoundThreshold": 1.9114964241166215,
    "witchMinTools": 0.42967308272514204,
    "familiarVPThreshold": 0,
    "combatPriority": 10.21149581949731,
    "purchasePriority": 12.542181245084182,
    "manaPriority": 9.154706293093124,
    "saintRelicPoolBonus": 0.3315365341974173,
    "saintZeroVPWeight": 0.006196029196717134,
    "combatBeforePurchase": 0.7140484267291418,
    "purchaseBeforeShop": 0.9039275234936146,
    "witchMagicModeWeight": 0.4401961855972057,
    "relicAggressiveness": 0.36642510329079936,
    "untapRelicCombatThreshold": 1.7835150487950173,
    "achievementRelicWeight": 1.6633905477696391,
    "achievementToolWeight": 1.2652358674886108,
    "violenceMinVP": 0,
    "violenceMinMana": 5,
    "prayerEarlyRound": 0.9593677017396227,
    "sacrificeMinRelics": 5.24557987009228,
    "familiarForPurchase": 0.35340518220057454,
    "effectManaBonus": 1.876732611618131,
    "effectCombatBonus": 1.1516165179713183,
    "effectDrawBonus": 0,
    "effectUntapBonus": 0.046344206877825,
    "effectVPBonus": 0,
    "phaseEarlyEnd": 1.5222951465751313,
    "phaseLateStart": 4.524450745895829,
    "combatPriorityLate": 0.8526763369308734,
    "purchasePriorityEarly": 1.2696471586313653,
    "manaShopThresholdLate": 5.9182073961291035,
    "vpDeficitCombatBoost": 0.8625369839329193,
    "vpLeadPurchaseBoost": 0,
    "opponentSPAwareness": 0
  },
  "savedAt": "2026-03-14T20:14:37.076Z"
}